baseline,roc_auc,average_precision,validation_fpr5_threshold,tpr_at_validation_fpr_5pct,test_null_false_positive_rate,runtime_sec,dataset_scope
weighted_harmonic_regression,0.6996533516988063,0.7479315953979335,95.55615801844245,0.3287878787878788,0.05,9.118865416996414,primary_peak_b_all
generalized_lomb_scargle,0.72428145087236,0.7761577790942027,94.81528010921642,0.3787878787878788,0.05,8.867058665993682,primary_peak_b_all
hierarchical_sinusoid_jitter,0.7738039485766759,0.8267510333402346,6.958917084749557,0.4909090909090909,0.04242424242424243,9.087778749999416,primary_peak_b_all
weighted_harmonic_regression,0.7553856749311295,0.8076514403637849,27.62024942625752,0.4575757575757576,0.06515151515151515,8.536243833004846,official_clean_c10_c13_peak_b
generalized_lomb_scargle,0.7705325987144168,0.8247253259618823,28.573833839886696,0.5045454545454545,0.05606060606060606,8.482988875002775,official_clean_c10_c13_peak_b
hierarchical_sinusoid_jitter,0.7824931129476584,0.8349132701788387,6.397247517002088,0.5075757575757576,0.04696969696969697,8.427324666998175,official_clean_c10_c13_peak_b
weighted_harmonic_regression,0.7124885215794308,0.7673837948433129,96.77969451778912,0.3151515151515151,0.01818181818181818,9.243949083996995,exploratory_peaks_bc_not_headline
generalized_lomb_scargle,0.725358126721763,0.7840558515973867,97.02687168510188,0.3560606060606061,0.02878787878787879,9.055697959003737,exploratory_peaks_bc_not_headline
hierarchical_sinusoid_jitter,0.7810192837465566,0.8361754707811284,6.526715057970204,0.5303030303030303,0.05909090909090909,9.324330333001853,exploratory_peaks_bc_not_headline
