baseline,roc_auc,average_precision,validation_fpr5_threshold,tpr_at_validation_fpr_5pct,test_null_false_positive_rate,runtime_sec
weighted_harmonic_regression,0.6996533516988063,0.7479315953979335,95.55615801844245,0.3287878787878788,0.05,9.142251707999094
generalized_lomb_scargle,0.72428145087236,0.7761577790942027,94.81528010921642,0.3787878787878788,0.05,8.772625582998444
hierarchical_sinusoid_jitter,0.7738039485766759,0.8267510333402346,6.958917084749557,0.4909090909090909,0.04242424242424243,9.467628417005471
