baseline,roc_auc,average_precision,validation_fpr5_threshold,tpr_at_validation_fpr_5pct,test_null_false_positive_rate,runtime_sec
weighted_harmonic_regression,0.6996533516988063,0.7479315953979335,95.55615801844245,0.3287878787878788,0.05,9.073706916002266
generalized_lomb_scargle,0.72428145087236,0.7761577790942027,94.81528010921642,0.3787878787878788,0.05,8.87033695900027
hierarchical_sinusoid_jitter,0.7738039485766759,0.8267510333402346,6.958917084749557,0.4909090909090909,0.0424242424242424,9.068243749999963
random_forest_periodogram_features,0.7119582185491276,0.7687739611255493,0.62,0.4075757575757576,0.0696969696969697,
sbi_npe,0.7930429292929292,0.8464428644863473,0.7074218749999996,0.5303030303030303,0.0348484848484848,24.245041750000382
neural_transformer,0.7688108356290174,0.8294155277967352,0.522676771879196,0.5166666666666667,0.05,0.6477729580001323
