subset,n_rows,slope_hz_per_day,slope_stderr_hz_per_day,weighted_rms_hz,reduced_chi2
all_processed_rows,73,-1.125056482986019,1.749888226902174,11426.183638101144,92.8895852207676
peak_b_only,55,1.071022092884227,1.957585508679479,2096.2046367396783,3.905247762341496
peak_b_c10_c13_only,27,0.5492808057478084,2.5618619552611226,1289.2825897221473,1.810706716707273
peak_b_x2_only,28,2.1130818539665612,3.285189936871267,2851.294629691045,6.2134654539643215
