baseline,period_days,frequency_hz,roc_auc_at_period,average_precision_at_period,validation_fpr5_threshold,tpr_at_validation_fpr_5pct,a95_hz,a95_lower_hz,a95_upper_hz,n_test_signal,n_test_null
weighted_harmonic_regression,30.0,3.8580246913580245e-07,0.7665289256198348,0.4692900119930714,95.55615801844245,0.41818181818181815,2950.0,2025.0,3075.0,55,660
weighted_harmonic_regression,180.0,6.430041152263375e-08,0.5992837465564738,0.2110042595300895,95.55615801844245,0.2,4418.75,4391.666666666666,4435.0,55,660
generalized_lomb_scargle,30.0,3.8580246913580245e-07,0.7618457300275481,0.48027257784469257,94.81528010921642,0.41818181818181815,2950.0,2025.0,3075.0,55,660
generalized_lomb_scargle,180.0,6.430041152263375e-08,0.7208264462809917,0.4210203421188352,94.81528010921642,0.34545454545454546,3075.0,2950.0,3116.6666666666665,55,660
hierarchical_sinusoid_jitter,30.0,3.8580246913580245e-07,0.8247933884297521,0.6507639244056399,6.958917084749557,0.6181818181818182,968.75,937.5,979.1666666666666,55,660
hierarchical_sinusoid_jitter,180.0,6.430041152263375e-08,0.7274931129476584,0.44897101046432986,6.958917084749557,0.41818181818181815,2950.0,2156.25,3075.0,55,660
