baseline,generalization_task,source_periods_days,heldout_periods_days,roc_auc,average_precision,source_validation_fpr5_threshold,tpr_at_source_validation_fpr_5pct,target_test_null_false_positive_rate,target_test_examples,runtime_sec
weighted_harmonic_regression,off_grid_heldout_periods,7.0|10.0|14.0|21.0|30.0|45.0|60.0|90.0|120.0|180.0|240.0|365.0,8.5|17.0|36.0|75.0|150.0|300.0,0.7215426997245179,0.7693450931017487,95.55615801844245,0.3575757575757576,0.03939393939393939,660,4.533115332997113
generalized_lomb_scargle,off_grid_heldout_periods,7.0|10.0|14.0|21.0|30.0|45.0|60.0|90.0|120.0|180.0|240.0|365.0,8.5|17.0|36.0|75.0|150.0|300.0,0.7332047750229568,0.7802014109789903,94.81528010921642,0.38181818181818183,0.045454545454545456,660,4.397185124995303
hierarchical_sinusoid_jitter,off_grid_heldout_periods,7.0|10.0|14.0|21.0|30.0|45.0|60.0|90.0|120.0|180.0|240.0|365.0,8.5|17.0|36.0|75.0|150.0|300.0,0.8078971533516988,0.8577212895387869,6.958917084749557,0.5272727272727272,0.02727272727272727,660,4.532574583005044
