baseline,display_name,n_test,bootstrap_replicates,seed,roc_auc,roc_auc_ci_lower,roc_auc_ci_upper,average_precision,average_precision_ci_lower,average_precision_ci_upper,test_null_false_positive_rate,score_source
weighted_harmonic_regression,Weighted harmonic,1320,1000,22902699,0.6996533516988063,0.673201079444407,0.7253475737561152,0.7479315953979335,0.7165471403702519,0.776880385170391,0.05,results/tables/all_predictions_and_scores.csv
generalized_lomb_scargle,GLS,1320,1000,22902699,0.72428145087236,0.6960744090564187,0.75120059910521,0.7761577790942027,0.7487896207593938,0.801622143096456,0.05,results/tables/all_predictions_and_scores.csv
hierarchical_sinusoid_jitter,Hierarchical sinusoid,1320,1000,22902699,0.7738039485766759,0.7481288899884434,0.7966898972252066,0.8267510333402346,0.8023536648074583,0.8481971227443784,0.0424242424242424,results/tables/all_predictions_and_scores.csv
random_forest_periodogram_features,Random forest,1320,1000,22902699,0.7119582185491276,0.6857002179951727,0.7414299306521681,0.7687739611255493,0.7415455463670115,0.7966979831861842,0.0696969696969697,results/rf_baseline_all_predictions.csv
sbi_npe,SBI NPE v2,1320,1000,22902699,0.7930429292929292,0.7687970460185137,0.8152565894054613,0.8464428644863473,0.8251734542708057,0.8657699836223115,0.0348484848484848,results/tables/sbi_npe_v2_predictions.csv
neural_cnn,Neural CNN,1320,1000,22902699,0.758032598714417,0.7321073092187591,0.7841640506192413,0.8172685288949996,0.7940033138270765,0.8388470276262667,0.042424242424242004,results/tables/neural_cnn_predictions.csv
neural_transformer,Neural Transformer,1320,1000,22902699,0.7688108356290174,0.7426763585473565,0.7963557993354541,0.8294155277967352,0.8056098428906524,0.8519172155068513,0.05,results/tables/neural_transformer_predictions.csv
