baseline,period_days,frequency_hz,roc_auc_at_period,average_precision_at_period,validation_fpr5_threshold,tpr_at_validation_fpr_5pct,a95_hz,a95_lower_hz,a95_upper_hz,n_test_signal,n_test_null
neural_transformer,30.0,3.8580246913580245e-07,0.7736363636363636,0.5839042897272211,0.522676771879196,0.5454545454545454,1458.3333333333333,1437.5,1468.75,55,660
neural_transformer,180.0,6.430041152263375e-08,0.7864738292011019,0.6012778448279456,0.522676771879196,0.5818181818181818,2112.5,984.375,2141.6666666666665,55,660
