baseline,period_days,frequency_hz,roc_auc_at_period,average_precision_at_period,validation_fpr5_threshold,tpr_at_validation_fpr_5pct,a95_hz,a95_lower_hz,a95_upper_hz,n_test_signal,n_test_null
neural_cnn,30.0,3.8580246913580245e-07,0.7596694214876032,0.5802807192298551,0.8176007479429245,0.5454545454545454,1458.3333333333333,1437.5,1468.75,55,660
neural_cnn,180.0,6.430041152263375e-08,0.7681542699724517,0.5309132020277979,0.8176007479429245,0.4909090909090909,2950.0,2141.6666666666665,3075.0,55,660
