null_model,is_default,distribution,parameters_json,train_nll_per_point,holdout_nll_per_point,holdout_coverage_abs_z_le_1,holdout_coverage_abs_z_le_2,observed_empirical_p_value,observed_score,observed_null_p95
crystal_gaussian_x2_mixture,True,x2_gaussian_mixture,"{""crystal_jitter_hz"": {""C10"": 1328.268921695911, ""C13"": 332.9463313982849, ""X2"": 2692.1331896505767}, ""x2_outlier_probability"": 0.02, ""x2_outlier_scale_multiplier"": 2.0, ""x2_mixture_train_nll"": 184.74420047937957}",9.297803768548935,9.116197559057529,0.6111111111111112,0.9444444444444444,0.6744639376218323,3.0952591633817335,6.801260081664115
crystal_gaussian_jitter,False,gaussian,"{""crystal_jitter_hz"": {""C10"": 1328.268921695911, ""C13"": 332.9463313982849, ""X2"": 2692.1331896505767}}",9.295540575555364,9.116991943535684,0.6111111111111112,0.9444444444444444,0.6393762183235867,3.233822559357261,6.913677530907004
crystal_student_t_fitted_df,False,student_t_target_df,"{""crystal_jitter_hz"": {""C10"": 1049.9069782623005, ""C13"": 7.173770370361154e-05, ""X2"": 2667.3083395821036}, ""crystal_student_t_df"": {""C10"": 8.0, ""C13"": 6.0, ""X2"": 80.0}}",9.285358641314996,9.129897035616803,0.6111111111111112,0.9444444444444444,0.8089668615984406,3.467370114838655,9.840644184524885
crystal_student_t_jitter,False,student_t,"{""crystal_jitter_hz"": {""C10"": 846.1172878169211, ""C13"": 1.332088094385675e-05, ""X2"": 2241.138109604732}, ""student_t_df"": 4.0}",9.318406510075928,9.169388239370047,0.6111111111111112,0.9444444444444444,0.7875243664717348,4.469622478904434,16.049121982662122
formal_gaussian_scaled,False,gaussian,"{""global_uncertainty_scale"": 1.9146337659212147}",9.432793107230856,9.279490937091698,0.6111111111111112,0.9444444444444444,0.029239766081871343,7.905142935176965,7.01147122619308
