scope,null_model,observed_score,best_period_days,null_score_p95,observed_empirical_p_value
all_peak_b,crystal_gaussian_x2_mixture,3.0952591633817335,25.435824793983336,6.801260081664115,0.6744639376218323
peak_b_c10_c13,crystal_gaussian_x2_mixture,1.8614734261347703,7.930950604151352,6.542034785022384,0.9473684210526315
peak_b_x2,crystal_gaussian_x2_mixture,9.307925935230454,15.436079438265484,6.2561834694013765,0.003898635477582846
