null_model,subset,n_observations,score,empirical_pvalue,n_resamples
crystal_gaussian_x2_mixture,all_peak_b,55,3.0952591633817335,0.6588693957115009,512
crystal_gaussian_x2_mixture,peak_b_c10_c13,27,1.8614734261347703,0.9220272904483431,512
crystal_gaussian_x2_mixture,peak_b_x2,28,9.307925935230454,0.005847953216374269,512
crystal_gmm_3comp,all_peak_b,55,2.6033982266485367,0.8674463937621832,512
crystal_gmm_3comp,peak_b_c10_c13,27,2.991306231516756,0.682261208576998,512
crystal_gmm_3comp,peak_b_x2,28,9.454702967341012,0.001949317738791423,512
conditional_spline_flow,all_peak_b,55,6.8799683924352735,0.09161793372319688,512
conditional_spline_flow,peak_b_c10_c13,27,1.1833902670205334,0.847953216374269,512
conditional_spline_flow,peak_b_x2,28,14.467709907815138,0.001949317738791423,512
