baseline,period_days,frequency_hz,roc_auc_at_period,average_precision_at_period,validation_fpr5_threshold,tpr_at_validation_fpr_5pct,a95_hz,a95_lower_hz,a95_upper_hz,n_test_signal,n_test_null
sbi_npe,30.0,3.8580246913580245e-07,0.5049449035812672,0.07801952681224059,1.0,0.23636363636363636,,119.00000000000001,987.25,55,660
sbi_npe,180.0,6.430041152263375e-08,0.47910468319559224,0.07359043600038542,1.0,0.21818181818181817,,337.625,6375.0,55,660
