baseline,period_days,frequency_hz,roc_auc_at_period,average_precision_at_period,validation_fpr5_threshold,tpr_at_validation_fpr_5pct,a95_hz,a95_lower_hz,a95_upper_hz,n_test_signal,n_test_null
sbi_npe,30.0,3.8580246913580245e-07,0.6226033057851239,0.1118531196677981,0.5625,0.21818181818181817,,737.5,3137.5,55,660
sbi_npe,180.0,6.430041152263375e-08,0.5227823691460055,0.08977527103618911,0.5625,0.14545454545454545,,,,55,660
