baseline,period_days,frequency_hz,roc_auc_at_period,average_precision_at_period,validation_fpr5_threshold,tpr_at_validation_fpr_5pct,a95_hz,a95_lower_hz,a95_upper_hz,n_test_signal,n_test_null
sbi_npe,30.0,3.8580246913580245e-07,0.826900826446281,0.6687116094694401,0.7074218749999996,0.6,1458.3333333333333,1375.0,1468.75,55,660
sbi_npe,180.0,6.430041152263375e-08,0.8376584022038567,0.664716566351438,0.7074218749999996,0.6,979.1666666666666,968.75,984.375,55,660
