baseline,period_days,frequency_hz,roc_auc_at_period,average_precision_at_period,validation_fpr5_threshold,tpr_at_validation_fpr_5pct,a95_hz,a95_lower_hz,a95_upper_hz,n_test_signal,n_test_null
sbi_npe,30.0,3.8580246913580245e-07,0.7353856749311295,0.4287313373161021,0.5703125,0.36363636363636365,3075.0,2165.0,3139.4999999999995,55,660
sbi_npe,180.0,6.430041152263375e-08,0.7396831955922865,0.5094459965270635,0.5703125,0.45454545454545453,2950.0,2025.0,3075.0,55,660
