baseline,period_days,frequency_hz,roc_auc_at_period,average_precision_at_period,validation_fpr5_threshold,tpr_at_validation_fpr_5pct,a95_hz,a95_lower_hz,a95_upper_hz,n_test_signal,n_test_null
sbi_npe,30.0,3.8580246913580245e-07,0.4868181818181818,0.07924822743380272,0.671875,0.10909090909090909,,202.0,635.5,55,660
sbi_npe,180.0,6.430041152263375e-08,0.5748347107438018,0.12010920914232148,0.671875,0.18181818181818182,,4435.0,6000.0,55,660
