baseline,test_auroc,test_ap,validation_fpr5_threshold,test_null_fpr,runtime_sec,tau_days,test_auroc_main_benchmark,auroc_delta
weighted_harmonic_regression,0.5034090909090909,0.4865555427154255,95.55615801844245,0.05,9.140028207999421,90.0,0.6996533516988063,-0.19624426078971535
generalized_lomb_scargle,0.4997222222222221,0.4908594073094742,94.81528010921642,0.05,9.072782958999596,90.0,0.72428145087236,-0.22455922865013783
hierarchical_sinusoid_jitter,0.5101170798898071,0.5059944026837778,6.958917084749557,0.04242424242424243,9.123825250000664,90.0,0.7738039485766759,-0.26368686868686875
random_forest_periodogram_features,0.46891528925619835,0.4761522548719129,0.62,0.0696969696969697,1.3904419999998936,90.0,0.7119582185491276,-0.2430429292929292
sbi_npe,0.5039956382001837,0.5050501344499895,0.7074218749999996,0.03484848484848485,20.074246042000595,90.0,0.7930429292929292,-0.2890472910927455
neural_cnn,0.4978535353535354,0.4976938555672725,0.8176007986068725,0.04242424242424243,1.905144084001222,90.0,0.758032598714417,-0.2601790633608816
neural_transformer,0.5039164370982553,0.5009564292173869,0.5226768702268599,0.05,0.7398362080020888,90.0,0.7688108356290174,-0.26489439853076213
