baseline,test_auroc,test_ap,validation_fpr5_threshold,test_null_fpr,runtime_sec,tau_days,test_auroc_main_benchmark,auroc_delta
weighted_harmonic_regression,0.5314049586776859,0.5086688910609901,95.55615801844245,0.05,9.15322041699983,180.0,0.6996533516988063,-0.16824839302112038
generalized_lomb_scargle,0.5369123048668503,0.5227812203654887,94.81528010921642,0.05,8.82477391700013,180.0,0.72428145087236,-0.1873691460055097
hierarchical_sinusoid_jitter,0.585376492194674,0.614403025827166,6.958917084749557,0.04242424242424243,9.744574750002357,180.0,0.7738039485766759,-0.18842745638200187
random_forest_periodogram_features,0.5018939393939393,0.5120591908385976,0.62,0.0696969696969697,1.36151045799852,180.0,0.7119582185491276,-0.21006427915518822
sbi_npe,0.5982575757575758,0.6425642300286827,0.7074218749999996,0.03484848484848485,18.972308458000043,180.0,0.7930429292929292,-0.19478535353535342
neural_cnn,0.5649885215794307,0.5915376117148365,0.8176007986068725,0.04242424242424243,2.0808728329975565,180.0,0.758032598714417,-0.19304407713498628
neural_transformer,0.567653810835629,0.5975818056778633,0.5226768702268599,0.05,0.7747647920004965,180.0,0.7688108356290174,-0.20115702479338837
