baseline,test_auroc,test_ap,validation_fpr5_threshold,test_null_fpr,runtime_sec,tau_days,test_auroc_main_benchmark,auroc_delta
weighted_harmonic_regression,0.5008700642791553,0.4846176881564762,95.55615801844245,0.05,9.02246995799942,30.0,0.6996533516988063,-0.198783287419651
generalized_lomb_scargle,0.4955693296602388,0.4885766101355551,94.81528010921642,0.05,8.975540333001845,30.0,0.72428145087236,-0.22871212121212114
hierarchical_sinusoid_jitter,0.49334022038567493,0.4900599389644585,6.958917084749557,0.04242424242424243,9.145625875000405,30.0,0.7738039485766759,-0.28046372819100096
random_forest_periodogram_features,0.46630280073461894,0.47337861433732675,0.62,0.0696969696969697,1.4953955419987324,30.0,0.7119582185491276,-0.24565541781450861
sbi_npe,0.48408402203856754,0.48769422550786423,0.7074218749999996,0.03484848484848485,19.705026416999317,30.0,0.7930429292929292,-0.30895890725436165
neural_cnn,0.489194214876033,0.4862940428855334,0.8176007986068725,0.04242424242424243,1.9426613329997053,30.0,0.758032598714417,-0.268838383838384
neural_transformer,0.5014462809917355,0.4966035630518253,0.5226768702268599,0.05,0.7332578749992535,30.0,0.7688108356290174,-0.2673645546372819
