target,peak,row_count,median_freq_unc_hz,p90_freq_unc_hz,residual_std_hz,median_abs_residual_hz
C10,b,15,1148.5624741078818,1965.9275210557641,2156.3107769212365,1459.7631515048972
C10,c,3,2510.672842649145,3409.5413802592366,1915.6476222155266,902.389396019975
C13,b,12,1042.4243481368178,1723.8079251546958,1661.1109080563033,454.7821810193414
C13,c,4,2055.5647894404515,2830.8314686474223,8831.412600531883,4478.699027186393
X2,b,28,1616.896708962446,5458.234838982988,4334.616366861901,3051.713977846701
X2,c,11,5342.80946344081,8957.400795787027,760235.5798718525,7671.803914792081
